<?xml version="1.0"?>
<!--
/**
 * Copyright © Magento, Inc. All rights reserved.
 * See COPYING.txt for license details.
 */
-->
<config xmlns:xsi="http://www.w3.org/2001/XMLSchema-instance" xsi:noNamespaceSchemaLocation="urn:magento:framework:ObjectManager/etc/config.xsd">
    <virtualType name="Magento\Catalog\Ui\DataProvider\Product\Form\Modifier\Pool">
        <arguments>
            <argument name="modifiers" xsi:type="array">
                <item name="requiredproduct" xsi:type="array">
                    <item name="class" xsi:type="string">Superiortile\RequiredProduct\Ui\DataProvider\Product\Form\Modifier\RequiredProduct</item>
                    <item name="sortOrder" xsi:type="number">500</item>
                </item>
            </argument>
        </arguments>
    </virtualType>

    <type name="Magento\Catalog\Model\Product\Validator">
        <plugin name="requiredProduct" type="Superiortile\RequiredProduct\Plugin\Backend\ProductValidator" sortOrder="50" />
    </type>
</config>
